nombre,ingredientes
Sonrisa de Chayanne,N6t9770,C6p4s 59 P24120,13t 84mm3t,M92m97050 D620zn4,P3ñ0,13t 84mm3t,F26t3770
Easy Avellana,M92m97050 M420,C6p4s 59 P24120,P3ñ0,13t 84mm3t,F26t3770,M92m97050 D620zn4
Juanqueque Gabriel,P3ñ0,F26t3770,F26t3770,N6t9770,M92m97050 F20mb69s0
Flan Gabriel,N6t9770,P3m39nt0,N6t9770,M92m97050 D620zn4,P3ñ0,Ch48470t9,P3ñ0
Focaccia Dulce,P3m39nt0,H69v4 D624,M0nz0n0 C020m973z050,S07s0 Esp98307 DCC
Freaky Fritura,N4t M0y4,Z0n0h4230,M92m97050 F20mb69s0,H69v4 D624,M0nz0n0 C020m973z050,DCC29m0
Harina George,S07s0 Esp98307 DCC,N6t9770,R07705620 59 L3m4n,Z0n0h4230,T26f0,P70t0n4,M92m97050 F20mb69s0,T26f0
Cady Hellman's,DCC29m0,Z0n0h4230,R07705620 59 L3m4n,Z0n0h4230,13t 84mm3t
The Devil Wears Praliné,A20n50n4s,C29m0 P0st97920,13t 84mm3t,N6t9770,T26f0
Shirley's Special Sandwich,C29m0 P0st97920,C6p4s 59 P24120,T26f0,M92m97050 D620zn4,13t 84mm3t,N4t M0y4,M92m97050 F20mb69s0,F26t3770
Torticolis,P3m39nt0,S07s0 Esp98307 DCC,P70t0n4,S07s0 Esp98307 DCC,S07s0 Esp98307 DCC,F26t3770,N6t9770
Azucar Legalmente Rubio,H69v4 D624,F26t3770,Ch48470t9,M92m97050 F20mb69s0,H69v4 D624,C29m0 P0st97920,T26f0
